Datetime,Water Level (m)
2025-05-08 00:00:00,0.26929495
2025-05-08 01:00:00,0.21413982
2025-05-08 02:00:00,0.13842751
2025-05-08 03:00:00,0.06108493
2025-05-08 04:00:00,-0.015535456
2025-05-08 05:00:00,-0.07055554
2025-05-08 06:00:00,-0.08245112
2025-05-08 07:00:00,-0.054211807
2025-05-08 08:00:00,0.024857478
2025-05-08 09:00:00,0.1286863
2025-05-08 10:00:00,0.23003647
2025-05-08 11:00:00,0.30673885
2025-05-08 12:00:00,0.33978075
2025-05-08 13:00:00,0.32257977
2025-05-08 14:00:00,0.26427227
2025-05-08 15:00:00,0.18676886
2025-05-08 16:00:00,0.11150567
2025-05-08 17:00:00,0.050092258
2025-05-08 18:00:00,0.02865971
2025-05-08 19:00:00,0.04049232
2025-05-08 20:00:00,0.10263036
2025-05-08 21:00:00,0.1903371
2025-05-08 22:00:00,0.2774779
2025-05-08 23:00:00,0.33719373
2025-05-09 00:00:00,0.35489544
2025-05-09 01:00:00,0.32269236
2025-05-09 02:00:00,0.25615582
2025-05-09 03:00:00,0.17655934
2025-05-09 04:00:00,0.10015307
2025-05-09 05:00:00,0.022024484
2025-05-09 06:00:00,-0.024979006
2025-05-09 07:00:00,-0.030156866
2025-05-09 08:00:00,0.012329525
2025-05-09 09:00:00,0.1162915
2025-05-09 10:00:00,0.2270598
2025-05-09 11:00:00,0.32774124
2025-05-09 12:00:00,0.39363202
2025-05-09 13:00:00,0.41177195
2025-05-09 14:00:00,0.37503535
2025-05-09 15:00:00,0.3024378
2025-05-09 16:00:00,0.21844703
2025-05-09 17:00:00,0.14055602
2025-05-09 18:00:00,0.082433105
2025-05-09 19:00:00,0.06716294
2025-05-09 20:00:00,0.09110736
2025-05-09 21:00:00,0.16974203
2025-05-09 22:00:00,0.26943356
2025-05-09 23:00:00,0.3572116
2025-05-10 00:00:00,0.40924722
2025-05-10 01:00:00,0.41255766
2025-05-10 02:00:00,0.36714676
2025-05-10 03:00:00,0.29153115
2025-05-10 04:00:00,0.20728931
2025-05-10 05:00:00,0.12616749
2025-05-10 06:00:00,0.05819926
2025-05-10 07:00:00,0.032900847
2025-05-10 08:00:00,0.053668056
2025-05-10 09:00:00,0.1421381
2025-05-10 10:00:00,0.26217157
2025-05-10 11:00:00,0.38342974
2025-05-10 12:00:00,0.4804592
2025-05-10 13:00:00,0.53168964
2025-05-10 14:00:00,0.5209402
2025-05-10 15:00:00,0.45644835
2025-05-10 16:00:00,0.36917034
2025-05-10 17:00:00,0.27689397
2025-05-10 18:00:00,0.19790418
2025-05-10 19:00:00,0.15376815
2025-05-10 20:00:00,0.1543279
2025-05-10 21:00:00,0.20192793
2025-05-10 22:00:00,0.30451804
2025-05-10 23:00:00,0.4068433
2025-05-11 00:00:00,0.48490018
2025-05-11 01:00:00,0.51940405
2025-05-11 02:00:00,0.49699125
2025-05-11 03:00:00,0.4290826
2025-05-11 04:00:00,0.3438377
2025-05-11 05:00:00,0.2539839
2025-05-11 06:00:00,0.17080164
2025-05-11 07:00:00,0.11490278
2025-05-11 08:00:00,0.11328648
2025-05-11 09:00:00,0.16580701
2025-05-11 10:00:00,0.2857622
2025-05-11 11:00:00,0.41537702
2025-05-11 12:00:00,0.53659064
2025-05-11 13:00:00,0.6152833
2025-05-11 14:00:00,0.6296271
2025-05-11 15:00:00,0.5802683
2025-05-11 16:00:00,0.49924874
2025-05-11 17:00:00,0.40476048
2025-05-11 18:00:00,0.3098934
2025-05-11 19:00:00,0.23561715
2025-05-11 20:00:00,0.20531353
2025-05-11 21:00:00,0.22322395
2025-05-11 22:00:00,0.30659172
2025-05-11 23:00:00,0.41411787
2025-05-12 00:00:00,0.51119936
2025-05-12 01:00:00,0.5710319
2025-05-12 02:00:00,0.5764662
2025-05-12 03:00:00,0.52244955
2025-05-12 04:00:00,0.44274357
2025-05-12 05:00:00,0.35184714
2025-05-12 06:00:00,0.2642244
2025-05-12 07:00:00,0.19426492
2025-05-12 08:00:00,0.17250678
2025-05-12 09:00:00,0.20403263
2025-05-12 10:00:00,0.30692405
2025-05-12 11:00:00,0.4359864
2025-05-12 12:00:00,0.56451494
2025-05-12 13:00:00,0.66921806
2025-05-12 14:00:00,0.719697
2025-05-12 15:00:00,0.7037167
2025-05-12 16:00:00,0.6333368
2025-05-12 17:00:00,0.5417184
2025-05-12 18:00:00,0.44202834
2025-05-12 19:00:00,0.34726575
2025-05-12 20:00:00,0.28592858
2025-05-12 21:00:00,0.2742609
2025-05-12 22:00:00,0.3177696
2025-05-12 23:00:00,0.42374396
2025-05-13 00:00:00,0.5267207
2025-05-13 01:00:00,0.60408753
2025-05-13 02:00:00,0.63495845
2025-05-13 03:00:00,0.6039086
2025-05-13 04:00:00,0.53227586
2025-05-13 05:00:00,0.44764584
2025-05-13 06:00:00,0.35714346
2025-05-13 07:00:00,0.27788943
2025-05-13 08:00:00,0.2356795
2025-05-13 09:00:00,0.24485914
2025-05-13 10:00:00,0.31785762
2025-05-13 11:00:00,0.4489393
2025-05-13 12:00:00,0.5867837
2025-05-13 13:00:00,0.7143526
2025-05-13 14:00:00,0.8061361
2025-05-13 15:00:00,0.82644063
2025-05-13 16:00:00,0.7686897
2025-05-13 17:00:00,0.6800052
2025-05-13 18:00:00,0.5797747
2025-05-13 19:00:00,0.47863707
2025-05-13 20:00:00,0.39045632
2025-05-13 21:00:00,0.3490747
2025-05-13 22:00:00,0.3575142
2025-05-13 23:00:00,0.43108043
2025-05-14 00:00:00,0.5333129
